{"info":{"title":"Integration Web Service Demo API","version":"1.0.0","description":"Integration Web Service Demo application how TS-startup-template integrate with express"},"host":"localhost:3000","basePath":"/","license":{"name":"MIT","url":"https://opensource.org/licenses/MIT"},"securityDefinitions":{"bearerAuth":{"type":"apiKey","name":"Authorization","scheme":"bearer","in":"header"}},"swagger":"2.0","paths":{"/demos":{"get":{"tags":["Demo"],"summary":"Find demos.","description":"Demo list.","consumes":["application/json"],"responses":{"200":{"description":"OK","schema":{"type":"array","items":{"$ref":"#/definitions/Demo"}}}}}},"/demo/{id}":{"get":{"tags":["Demo"],"summary":"Find demo by id.","description":"Getting demo with id.","consumes":["application/json"],"parameters":[{"in":"path","name":"id","description":"Demo id","required":true,"schema":{"type":"integer","minimum":1}}],"responses":{"200":{"description":"OK","schema":{"$ref":"#/definitions/Demo"}}}},"put":{"tags":["Demo"],"summary":"Edit demo.","description":"Edit the existing demo with id.","consumes":["application/json"],"parameters":[{"in":"path","name":"id","description":"Demo id requires to change.","required":true,"schema":{"type":"integer","minimum":1}},{"in":"body","name":"body","description":"Demo object that needs to be modified to the memory.","required":true,"schema":{"$ref":"#/definitions/Demo"}}],"responses":{"200":{"description":"OK","schema":{"$ref":"#/definitions/Demo"}},"415":{"description":"Invalid status value"}}},"delete":{"tags":["Demo"],"summary":"Delete demo.","description":"Delete the existing demo with id.","parameters":[{"in":"path","name":"id","description":"Demo id requires to delete.","required":true,"schema":{"type":"integer","minimum":1}}],"responses":{"200":{"description":"OK"}}}},"/demo":{"post":{"tags":["Demo"],"summary":"Save new demo.","description":"Save demo.","consumes":["application/json"],"parameters":[{"in":"body","name":"body","description":"Demo object that needs to be added to the memory.","required":true,"schema":{"$ref":"#/definitions/Demo"}}],"responses":{"201":{"description":"OK","schema":{"$ref":"#/definitions/Demo"}}}}}},"definitions":{"Demo":{"type":"object","properties":{"id":{"type":"integer","example":34},"name":{"type":"string","example":"Demo 34"}},"required":["id","name"]}},"responses":{},"parameters":{},"tags":[{"name":"Demo","description":"Everything about Demo","externalDocs":{"description":"Find out more","url":"https://github.com/leocwlam/TS-startup-template/wiki/Integration#setup-the-project-as-web-service-with-express-npm"}}]}